{
  "spearman_fidelity_logit": 0.8670837940151239,
  "topk_overlap": 0.13636363636363635,
  "auc_student": 0.6523647884136683,
  "auc_teacher": 0.6739533831183526,
  "team_value_model": 0.09424418604651164,
  "team_value_random": 0.09691846427613347,
  "cart_params": {
    "max_depth": 5,
    "min_samples_leaf": 50,
    "ccp_alpha": 0.0,
    "seed": 42
  },
  "k_top_picks": 22,
  "random_trials": 100
}