{
  "spearman_fidelity_logit": 0.8079208102533539,
  "topk_overlap": 0.13636363636363635,
  "auc_student": 0.6516180131251414,
  "team_value_model": 0.09165715372907153,
  "team_value_random": 0.09679535470529667,
  "tree_params": {
    "max_depth": 3,
    "min_samples_leaf": 50,
    "seed": 42
  }
}